CallCount,ClientCpuUsage,ServerCpuUsage,TotalCpuUsage
146194,10,17,26
918.3992276097788,1.4876117140842158,0.1312862240973312,1.4030701068864717
144059,6,16,23
148222,13,17,29
CallCount,ClientCpuUsage,ServerCpuUsage,TotalCpuUsage
146438,10,17,27
1166.0677433787257,1.651733655570501,0.1312862240973312,1.5726971811238586
144171,7,16,23
148214,14,17,30
CallCount,ClientCpuUsage,ServerCpuUsage,TotalCpuUsage
36743,17,4,20
1468.9916309560858,0,0.9827693736253269,0.9388833796673447
33346,17,1,18
40393,17,6,23
CallCount,ClientCpuUsage,ServerCpuUsage,TotalCpuUsage
146194,10,17,26
918.3992276097788,1.4876117140842158,0.1312862240973312,1.4030701068864717
144059,6,16,23
148222,13,17,29
CallCount,ClientCpuUsage,ServerCpuUsage,TotalCpuUsage
146438,10,17,27
1166.0677433787257,1.651733655570501,0.1312862240973312,1.5726971811238586
144171,7,16,23
148214,14,17,30
CallCount,ClientCpuUsage,ServerCpuUsage,TotalCpuUsage
36743,17,4,20
1468.9916309560858,0,0.9827693736253269,0.9388833796673447
33346,17,1,18
40393,17,6,23
