CallCount,ClientCpuUsage,ServerCpuUsage,TotalCpuUsage
4239444,17,17,33
14032.54852765451,0.18400155231055285,0.18400155231055285,0.1312862240973312
4176218,16,16,33
4245793,17,17,34
CallCount,ClientCpuUsage,ServerCpuUsage,TotalCpuUsage
4315244,17,17,33
9390.075170727408,0.13128622409733123,0.13128622409733123,0.1312862240973312
4266548,16,16,33
4319997,17,17,34
CallCount,ClientCpuUsage,ServerCpuUsage,TotalCpuUsage
4401412,17,17,33
6582.0916162673475,0,0,0.1312862240973312
4359277,17,17,33
4404385,17,17,34
CallCount,ClientCpuUsage,ServerCpuUsage,TotalCpuUsage
4239444,17,17,33
14032.54852765451,0.18400155231055285,0.18400155231055285,0.1312862240973312
4176218,16,16,33
4245793,17,17,34
CallCount,ClientCpuUsage,ServerCpuUsage,TotalCpuUsage
4315244,17,17,33
9390.075170727408,0.13128622409733123,0.13128622409733123,0.1312862240973312
4266548,16,16,33
4319997,17,17,34
CallCount,ClientCpuUsage,ServerCpuUsage,TotalCpuUsage
4401412,17,17,33
6582.0916162673475,0,0,0.1312862240973312
4359277,17,17,33
4404385,17,17,34
