CallCount,ClientCpuUsage,ServerCpuUsage,TotalCpuUsage
28388222,17,17,33
69987.05949335871,0.1840015523105527,0.1312862240973312,0
27990215,16,16,33
28451686,17,17,33
CallCount,ClientCpuUsage,ServerCpuUsage,TotalCpuUsage
28390750,17,17,33
70592.76652557745,0.13128622409733123,0.13128622409733123,0.1312862240973312
28021273,16,16,33
28424162,17,17,34
CallCount,ClientCpuUsage,ServerCpuUsage,TotalCpuUsage
28398937,17,17,33
52332.81458826245,0,0.13128622409733126,0.1312862240973312
28091974,17,16,33
28441695,17,17,34
CallCount,ClientCpuUsage,ServerCpuUsage,TotalCpuUsage
28388222,17,17,33
69987.05949335871,0.1840015523105527,0.1312862240973312,0
27990215,16,16,33
28451686,17,17,33
CallCount,ClientCpuUsage,ServerCpuUsage,TotalCpuUsage
28390750,17,17,33
70592.76652557745,0.13128622409733123,0.13128622409733123,0.1312862240973312
28021273,16,16,33
28424162,17,17,34
CallCount,ClientCpuUsage,ServerCpuUsage,TotalCpuUsage
28398937,17,17,33
52332.81458826245,0,0.13128622409733126,0.1312862240973312
28091974,17,16,33
28441695,17,17,34
