CallCount,ClientCpuUsage,ServerCpuUsage,TotalCpuUsage
131066,10,17,27
1613.04101634344,1.2055580731655773,0.1312862240973312,1.2119239325733713
128843,7,16,23
136225,13,17,30
CallCount,ClientCpuUsage,ServerCpuUsage,TotalCpuUsage
129939,10,17,26
2054.3646884900613,1.2149676977670727,0.1312862240973312,1.0262783019094497
127094,7,16,24
135507,12,17,28
CallCount,ClientCpuUsage,ServerCpuUsage,TotalCpuUsage
63641,15,17,32
1376.4557514959963,0.9628366830885785,0.1312862240973312,1.045001586795469
60816,12,16,29
66015,17,17,33
CallCount,ClientCpuUsage,ServerCpuUsage,TotalCpuUsage
131066,10,17,27
1613.04101634344,1.2055580731655773,0.1312862240973312,1.2119239325733713
128843,7,16,23
136225,13,17,30
CallCount,ClientCpuUsage,ServerCpuUsage,TotalCpuUsage
129939,10,17,26
2054.3646884900613,1.2149676977670727,0.1312862240973312,1.0262783019094497
127094,7,16,24
135507,12,17,28
CallCount,ClientCpuUsage,ServerCpuUsage,TotalCpuUsage
63641,15,17,32
1376.4557514959963,0.9628366830885785,0.1312862240973312,1.045001586795469
60816,12,16,29
66015,17,17,33
