CallCount,ClientCpuUsage,ServerCpuUsage,TotalCpuUsage
25447319,17,17,33
45247.461471130184,0.18400155231055285,0.18400155231055285,0
25167143,16,16,33
25518131,17,17,33
CallCount,ClientCpuUsage,ServerCpuUsage,TotalCpuUsage
25450327,17,17,33
61521.06549344254,0.13128622409733123,0.13128622409733123,0.18400155231055285
25117703,16,16,33
25489573,17,17,34
CallCount,ClientCpuUsage,ServerCpuUsage,TotalCpuUsage
25468804,17,17,33
15093.515697463341,0,0,0.18400155231055285
25403379,17,17,33
25497082,17,17,34
CallCount,ClientCpuUsage,ServerCpuUsage,TotalCpuUsage
25447319,17,17,33
45247.461471130184,0.18400155231055285,0.18400155231055285,0
25167143,16,16,33
25518131,17,17,33
CallCount,ClientCpuUsage,ServerCpuUsage,TotalCpuUsage
25450327,17,17,33
61521.06549344254,0.13128622409733123,0.13128622409733123,0.18400155231055285
25117703,16,16,33
25489573,17,17,34
CallCount,ClientCpuUsage,ServerCpuUsage,TotalCpuUsage
25468804,17,17,33
15093.515697463341,0,0,0.18400155231055285
25403379,17,17,33
25497082,17,17,34
